condition_id,candidate_index,target_volume,load_y_fraction,load_angle_deg,compliance,volume_fraction,volume_error,relative_residual,binarity,connected_at_0_5
4,0,0.30000001192092896,0.5,-90.0,4403.224719551559,0.2999999452537547,6.666717428105429e-08,2.0435863746562843e-12,0.83993162082932,0
4,1,0.30000001192092896,0.5,-90.0,4437.17329046413,0.30000010893369716,9.701276820761606e-08,2.121823532827372e-12,0.8399448124280094,0
4,2,0.30000001192092896,0.5,-90.0,4416.594757932603,0.3000000092045714,2.7163575277988627e-09,2.1839741354448766e-12,0.839927361900985,0
4,3,0.30000001192092896,0.5,-90.0,4431.170678261579,0.3000000250370552,1.3116126240664272e-08,2.0409957734011583e-12,0.8399146335898696,0
4,4,0.30000001192092896,0.5,-90.0,17696.873001350134,0.3000000355920444,2.367111545664713e-08,2.2410042464241437e-12,0.6622820760086569,0
4,5,0.30000001192092896,0.5,-90.0,4443.936533767575,0.3000000269773106,1.5056381641453953e-08,2.2246885962285216e-12,0.8398582767758097,0
4,6,0.30000001192092896,0.5,-90.0,4436.83275265749,0.3000000573617096,4.544078063828394e-08,2.2571445170935674e-12,0.8399045429350632,0
4,7,0.30000001192092896,0.5,-90.0,4342.919210972251,0.299999926937744,8.498318493366241e-08,2.081331038152153e-12,0.8398966958576928,0
4,8,0.30000001192092896,0.5,-90.0,4450.698672107641,0.30000004994993407,3.802900511162832e-08,2.149436717141871e-12,0.8398894688258173,0
4,9,0.30000001192092896,0.5,-90.0,4373.336259400182,0.30000004125759006,2.9336661100387573e-08,1.965932285092444e-12,0.8399274076917115,0
4,10,0.30000001192092896,0.5,-90.0,4461.8831315741,0.30000001459848136,2.6775524020195007e-09,2.1970540019570157e-12,0.8399197605980963,0
4,11,0.30000001192092896,0.5,-90.0,4457.7062099328605,0.2999999348539859,7.706694304943085e-08,2.09721102956254e-12,0.8399102172771635,0
4,12,0.30000001192092896,0.5,-90.0,4399.98832227527,0.3000000272489463,1.5328017355376033e-08,2.2128795956786464e-12,0.8399317775577883,0
4,13,0.30000001192092896,0.5,-90.0,4423.771100360843,0.30000001421043027,2.2895013107593343e-09,2.077735436543959e-12,0.8399192116499057,0
4,14,0.30000001192092896,0.5,-90.0,4432.717359886132,0.3000000402486573,2.8327728329724522e-08,2.1350180688113045e-12,0.8398962270657502,0
4,15,0.30000001192092896,0.5,-90.0,4434.787760868165,0.30000000338380534,8.537123619145603e-09,2.290694012341583e-12,0.8398656628984011,0
10,0,0.4000000059604645,0.25,-90.0,1865.0029810385302,0.39999998892502237,1.7035442112511845e-08,2.089538420949715e-12,0.9599357544980629,0
10,1,0.4000000059604645,0.25,-90.0,1875.578121835069,0.3999999831818665,2.277859795229986e-08,2.183285706128808e-12,0.9599355589681395,0
10,2,0.4000000059604645,0.25,-90.0,1869.0471896699605,0.3999999207444489,8.521601557731628e-08,2.32426438640276e-12,0.9599134584149814,0
10,3,0.4000000059604645,0.25,-90.0,1872.596144183563,0.3999999176788454,8.828161907059595e-08,2.2071947532053502e-12,0.9599485989762009,0
10,4,0.4000000059604645,0.25,-90.0,1868.0550311830193,0.40000001007380587,4.1133413897220805e-09,2.2245255526696898e-12,0.9599314130935506,0
10,5,0.4000000059604645,0.25,-90.0,1854.6444535310773,0.3999999943965425,1.1563921986645909e-08,2.253552769277009e-12,0.9599279021043321,0
10,6,0.4000000059604645,0.25,-90.0,1865.9990072649039,0.40000004922815907,4.326769459384039e-08,2.3614505744836855e-12,0.9599285023930036,0
10,7,0.4000000059604645,0.25,-90.0,1856.3780163781328,0.4000000757320474,6.977158290011332e-08,2.040110906019278e-12,0.9599082014352559,0
10,8,0.4000000059604645,0.25,-90.0,1712.408500581325,0.3999999323859811,7.35744833946228e-08,1.8633839983781823e-12,0.9593852791800354,0
10,9,0.4000000059604645,0.25,-90.0,1517.149249599296,0.40000002454811084,1.8587646366530208e-08,1.669461830065875e-12,0.9569162231706411,0
10,10,0.4000000059604645,0.25,-90.0,1873.9192933836237,0.39999998873099685,1.7229467630386353e-08,2.1028044499007993e-12,0.9599135529885302,0
10,11,0.4000000059604645,0.25,-90.0,1863.3805238621399,0.40000010223593563,9.627547115087509e-08,2.2243196193985895e-12,0.9599035597825036,0
10,12,0.4000000059604645,0.25,-90.0,1875.5457403624368,0.39999996121817577,4.474228870732233e-08,2.192520266778026e-12,0.9599318723103366,0
10,13,0.4000000059604645,0.25,-90.0,1869.3127342847117,0.4000001021971305,9.623666602509573e-08,2.2603534126774505e-12,0.9599482339064949,0
10,14,0.4000000059604645,0.25,-90.0,1646.8365039227174,0.40000000192473334,4.0357311381633565e-09,1.779557027967771e-12,0.9579130660939877,0
10,15,0.4000000059604645,0.25,-90.0,1889.7658441358349,0.39999991523412365,9.072634082896158e-08,2.4012962404685393e-12,0.9598631485377401,0
11,0,0.4000000059604645,0.25,-74.99999987994416,1638.644952240546,0.39999991449682665,9.14636378301914e-08,2.011448169426352e-12,0.9599331997951523,0
11,1,0.4000000059604645,0.25,-74.99999987994416,1655.854320101,0.3999999296308185,7.632964599268988e-08,2.0304596841965618e-12,0.9599018852677852,0
11,2,0.4000000059604645,0.25,-74.99999987994416,1653.179636460034,0.39999993110541254,7.485505193471909e-08,2.1895325517632794e-12,0.9598862647220913,0
11,3,0.4000000059604645,0.25,-74.99999987994416,1642.4094175736186,0.3999999928831433,1.3077321170396061e-08,1.9329541824686563e-12,0.9599075337804196,0
11,4,0.4000000059604645,0.25,-74.99999987994416,68747.60627219228,0.39999996036446345,4.5596001030379085e-08,1.56430502573126e-12,0.7265241986566354,0
11,5,0.4000000059604645,0.25,-74.99999987994416,1652.2981655348185,0.40000009909272194,9.313225746154785e-08,2.2004629104676667e-12,0.9598931861736816,0
11,6,0.4000000059604645,0.25,-74.99999987994416,1637.7781940509585,0.39999994402751327,6.193295121192932e-08,1.9726838773007143e-12,0.9598912137809789,0
11,7,0.4000000059604645,0.25,-74.99999987994416,1633.6625358361216,0.39999992908754695,7.687291753155634e-08,2.1976718675452764e-12,0.9598609646445272,0
11,8,0.4000000059604645,0.25,-74.99999987994416,1546.10785634809,0.39999995989880216,4.6061662317686825e-08,1.9281242653592452e-12,0.9596341118142172,0
11,9,0.4000000059604645,0.25,-74.99999987994416,1660.5702915939999,0.39999998756684363,1.83936208486557e-08,2.02607590819711e-12,0.9598936377002172,0
11,10,0.4000000059604645,0.25,-74.99999987994416,760.4270815119962,0.4000001047582676,9.87978031052883e-08,1.6965533951818547e-12,0.6186754025309021,0
11,11,0.4000000059604645,0.25,-74.99999987994416,26905.018732150405,0.400000101653859,9.569339454174042e-08,1.556582396441163e-12,0.7145734995590299,0
11,12,0.4000000059604645,0.25,-74.99999987994416,1655.8853388670727,0.3999999193086599,8.665180456501886e-08,1.8452486748107534e-12,0.9599041486511016,0
11,13,0.4000000059604645,0.25,-74.99999987994416,1468.6681499940107,0.39999997468354803,3.12769164456661e-08,1.6893804532270368e-12,0.9586469937479909,0
11,14,0.4000000059604645,0.25,-74.99999987994416,977.5368597497046,0.40000010196429986,9.600383538144186e-08,1.286629176259588e-12,0.8006884773413553,0
11,15,0.4000000059604645,0.25,-74.99999987994416,1651.6578255404788,0.399999991680185,1.428027945893362e-08,2.0227173725827773e-12,0.9599113051758317,0
19,0,0.5,0.25,-90.0,617.152716765465,0.5000000011253481,1.1253481480011374e-09,1.2465677681682498e-12,0.9789789644036097,0
19,1,0.5,0.25,-90.0,788.8104569048958,0.5000000151339918,1.5133991837501526e-08,1.7767000727718637e-12,0.9946760772138735,0
19,2,0.5,0.25,-90.0,946.9740766474167,0.5000000982933367,9.82933366922012e-08,2.2108369733616914e-12,0.9999300694048431,0
19,3,0.5,0.25,-90.0,923.0742008475169,0.4999999196346228,8.036537718636438e-08,2.168670586459952e-12,0.999398006543899,0
19,4,0.5,0.25,-90.0,940.0805477986622,0.4999999910360202,8.96397978067398e-09,2.1520202251755736e-12,0.9999352790709204,0
19,5,0.5,0.25,-90.0,948.04692969732,0.4999999928210552,7.1789448274905965e-09,2.031262032830757e-12,0.9999372114878948,0
19,6,0.5,0.25,-90.0,944.832465762023,0.49999997186629724,2.8133702756338863e-08,2.2377503112118334e-12,0.9999554506527941,0
19,7,0.5,0.25,-90.0,929.2222899915387,0.4999999035693084,9.643069159848139e-08,2.2053653954402498e-12,0.9998432915939093,0
19,8,0.5,0.25,-90.0,944.6113456457246,0.500000013737008,1.3737007975578308e-08,2.2415982308662177e-12,0.9999524935320955,0
19,9,0.5,0.25,-90.0,940.2311005879966,0.4999999787736063,2.1226393698281498e-08,2.2239722112245117e-12,0.9998005415755956,0
19,10,0.5,0.25,-90.0,944.762550133343,0.5000000074893857,7.489385667192039e-09,2.2414314010863067e-12,0.9999503594835892,0
19,11,0.5,0.25,-90.0,941.9140924959462,0.49999989992162835,1.0007837164538458e-07,2.0933714215164823e-12,0.9999264196269495,0
19,12,0.5,0.25,-90.0,943.7646441996947,0.49999999507175136,4.928248642510624e-09,2.251434690059075e-12,0.99994821035224,0
19,13,0.5,0.25,-90.0,934.5485947548956,0.4999999919673428,8.032657206058502e-09,2.2358458857447616e-12,0.9999092238708406,0
19,14,0.5,0.25,-90.0,465.8953809644494,0.5000000344589353,3.4458935260772705e-08,1.1145273141372378e-12,0.8875032874772139,0
19,15,0.5,0.25,-90.0,924.9959398521463,0.5000000488944352,4.889443516731262e-08,2.199163442949942e-12,0.9997722554812754,0
26,0,0.5,0.75,-74.99999987994416,935.3701355182932,0.49999991261089843,8.738910156624868e-08,2.163573333642158e-12,0.999857775979918,0
26,1,0.5,0.75,-74.99999987994416,938.8224883843958,0.5000000884756446,8.847564458847046e-08,2.2023121697890834e-12,0.9999168370842936,0
26,2,0.5,0.75,-74.99999987994416,948.1893490464782,0.5000000115639219,1.1563921931134757e-08,2.2175808843391365e-12,0.9999148598501094,0
26,3,0.5,0.75,-74.99999987994416,937.2681836054353,0.5000000034536546,3.4536545845398336e-09,2.04542548313904e-12,0.999904483575862,0
26,4,0.5,0.75,-74.99999987994416,333.9816986516877,0.4999999759408335,2.4059166492396145e-08,1.4939233006708425e-12,0.7787182787124016,1
26,5,0.5,0.75,-74.99999987994416,946.7542650804702,0.4999999525801589,4.741984110934183e-08,2.285161470166626e-12,0.999926823955246,0
26,6,0.5,0.75,-74.99999987994416,3707.380143605562,0.4999999498249963,5.0175003707408905e-08,1.1413455203799649e-12,0.7601479360892521,0
26,7,0.5,0.75,-74.99999987994416,942.9979159210161,0.5000000904935101,9.049351012979656e-08,2.209457778539199e-12,0.9999375135199408,1
26,8,0.5,0.75,-74.99999987994416,946.3452728367154,0.5000000413662443,4.136624431883007e-08,2.324568768825187e-12,0.9999202832598963,0
26,9,0.5,0.75,-74.99999987994416,321.0750336570352,0.5000000939471647,9.39471647143364e-08,1.4450362519430094e-12,0.8000487165490378,1
26,10,0.5,0.75,-74.99999987994416,928.694844361297,0.5000000050058588,5.005858838558197e-09,1.955701548511696e-12,0.9998318284770242,1
26,11,0.5,0.75,-74.99999987994416,814.9165233553904,0.5000000256113708,2.561137080192566e-08,1.912382543686604e-12,0.9968586309747929,0
26,12,0.5,0.75,-74.99999987994416,943.2570776537654,0.49999999538219225,4.6178077472980306e-09,2.2471030882729427e-12,0.9999080143193768,1
26,13,0.5,0.75,-74.99999987994416,370.4506830368507,0.5000000152504072,1.525040715932846e-08,1.1175603044210696e-12,0.8397446937455726,0
26,14,0.5,0.75,-74.99999987994416,941.3225186072734,0.49999998913456994,1.08654300556843e-08,1.9778403244349736e-12,0.9999534160622351,1
26,15,0.5,0.75,-74.99999987994416,943.279419648586,0.5000000356618935,3.5661893549310264e-08,2.269238747441886e-12,0.9998926948954073,0
